来源论文,档位,模型,FLOPs(G),参数(M),AP50-95,AP50,AP75,Latency_T4_TRT_FP16(ms),备注
arXiv:2506.17733 TableI,n,v8,8.7,3.2,37.4,52.6,40.5,1.77,论文自报；640；600 epoch 设定对齐叙述
arXiv:2506.17733 TableI,n,v10,6.7,2.3,38.5,53.8,41.7,1.84,
arXiv:2506.17733 TableI,n,v11,6.5,2.6,38.6,54.2,41.6,1.53,与 v12 论文中的 v11-N(39.4) 不同源表，勿混排
arXiv:2506.17733 TableI,n,v12,6.5,2.6,40.1,56.0,43.4,1.83,v13 文内复测/引用；低于 v12 原文 40.6
arXiv:2506.17733 TableI,n,v13,6.4,2.5,41.6,57.8,45.1,1.97,本文模型；相对同表 v12-N +1.5 AP
arXiv:2506.17733 TableI,s,v8,28.6,11.2,45.0,61.8,48.7,2.33,
arXiv:2506.17733 TableI,s,RT-DETRv2-R18,60.0,20.0,47.9,64.9,,4.58,端到端对照
arXiv:2506.17733 TableI,s,v9,26.4,7.1,46.8,63.4,50.7,3.44,
arXiv:2506.17733 TableI,s,v10,21.6,7.2,46.3,63.0,50.4,2.53,
arXiv:2506.17733 TableI,s,v11,21.5,9.4,45.8,62.6,49.8,2.56,
arXiv:2506.17733 TableI,s,v12,21.4,9.3,47.1,64.2,51.0,2.82,低于 v12 原文 48.0
arXiv:2506.17733 TableI,s,v13,20.8,9.0,48.0,65.2,52.0,2.98,本文模型；相对同表 v12-S +0.9 AP
arXiv:2506.17733 TableI,l,v8,165.2,43.7,53.0,69.8,57.7,8.13,
arXiv:2506.17733 TableI,l,v9-c,102.1,25.3,53.0,70.2,57.8,6.64,
arXiv:2506.17733 TableI,l,v10,120.3,24.4,53.2,70.1,57.2,7.31,
arXiv:2506.17733 TableI,l,v11,86.9,25.3,52.3,69.2,55.7,6.23,
arXiv:2506.17733 TableI,l,v12,88.9,26.4,53.0,70.0,57.9,7.10,低于 v12 原文 53.7
arXiv:2506.17733 TableI,l,v13,88.4,27.6,53.4,70.9,58.1,8.63,本文模型；相对同表 v12-L +0.4 AP；延迟高于 v11/v12
arXiv:2506.17733 TableI,x,v8,257.8,68.2,54.0,71.0,58.8,12.83,
arXiv:2506.17733 TableI,x,v10,160.4,29.5,54.4,71.3,59.3,10.70,
arXiv:2506.17733 TableI,x,v11,194.9,56.9,54.2,71.0,59.1,11.35,
arXiv:2506.17733 TableI,x,v12,199.0,59.1,54.4,71.1,59.3,12.46,低于 v12 原文 55.2
arXiv:2506.17733 TableI,x,v13,199.2,64.0,54.8,72.0,59.8,14.67,本文模型；相对同表 v12-X +0.4 AP；最慢
